Specialty,Specialty Group
Anaesthetics,Respiratory
Cardiology,Heart
Cardio-Thoracic Surgery,Heart
Child/Adolescent Psychiatry,Psychatry
Clinical (Medical) Genetics,Genes
Clinical Immunology,Immune System
Specialty,Specialty Group
Anaesthetics,Respiratory
Cardiology,Heart
Cardio-Thoracic Surgery,Heart
Child/Adolescent Psychiatry,Psychatry
Clinical (Medical) Genetics,Genes
Clinical Immunology,Immune System
Specialty,Specialty Group
Anaesthetics,Respiratory
Cardiology,Heart
Cardio-Thoracic Surgery,Heart
Child/Adolescent Psychiatry,Psychatry
Clinical (Medical) Genetics,Genes
Clinical Immunology,Immune System
Specialty,Specialty Group
Anaesthetics,Respiratory
Cardiology,Heart
Cardio-Thoracic Surgery,Heart
Child/Adolescent Psychiatry,Psychatry
Clinical (Medical) Genetics,Genes
Clinical Immunology,Immune System
Specialty,Specialty Group
Anaesthetics,Respiratory
Cardiology,Heart
Cardio-Thoracic Surgery,Heart
Child/Adolescent Psychiatry,Psychatry
Clinical (Medical) Genetics,Genes
Clinical Immunology,Immune System
Specialty,Specialty Group
Anaesthetics,Respiratory
Cardiology,Heart
Cardio-Thoracic Surgery,Heart
Child/Adolescent Psychiatry,Psychatry
Clinical (Medical) Genetics,Genes
Clinical Immunology,Immune System
Specialty,Specialty Group
Anaesthetics,Respiratory
Cardiology,Heart
Cardio-Thoracic Surgery,Heart
Child/Adolescent Psychiatry,Psychatry
Clinical (Medical) Genetics,Genes
Clinical Immunology,Immune System
Specialty,Specialty Group
Anaesthetics,Respiratory
Cardiology,Heart
Cardio-Thoracic Surgery,Heart
Child/Adolescent Psychiatry,Psychatry
Clinical (Medical) Genetics,Genes
Clinical Immunology,Immune System
Specialty,Specialty Group
Anaesthetics,Respiratory
Cardiology,Heart
Cardio-Thoracic Surgery,Heart
Child/Adolescent Psychiatry,Psychatry
Clinical (Medical) Genetics,Genes
Clinical Immunology,Immune System
Specialty,Specialty Group
Anaesthetics,Respiratory
Cardiology,Heart
Cardio-Thoracic Surgery,Heart
Child/Adolescent Psychiatry,Psychatry
Clinical (Medical) Genetics,Genes
Clinical Immunology,Immune System
Specialty,Specialty Group
Anaesthetics,Respiratory
Cardiology,Heart
Cardio-Thoracic Surgery,Heart
Child/Adolescent Psychiatry,Psychatry
Clinical (Medical) Genetics,Genes
Clinical Immunology,Immune System
Specialty,Specialty Group
Anaesthetics,Respiratory
